String,8084c7da014494a2cad1956945cc03f615f8df9cccd4f19e93a1036da7df14ec89b3e264915cd5338110142870a4f14705d099c578ca819642acb5265a6f5baf9d6d,K1COfTBNv,0
String,8084c7da014494a2cad1956945cc03f615f8df9cccd4f19e93a1036da7df14ec89b3e264915cd5338110142870a4f14705d099c578ca819642acb5265a6f5baf9d6d,gHVZF4d6v,0
String,8084c7da014494a2cad1956945cc03f615f8df9cccd4f19e93a1036da7df14ec89b3e264915cd5338110142870a4f14705d099c578ca819642acb5265a6f5baf9d6d,NlnJX3DkR,0
String,8084c7da014494a2cad1956945cc03f615f8df9cccd4f19e93a1036da7df14ec89b3e264915cd5338110142870a4f14705d099c578ca819642acb5265a6f5baf9d6d,r56QWD7Q0,0
String,8084c7da014494a2cad1956945cc03f615f8df9cccd4f19e93a1036da7df14ec89b3e264915cd5338110142870a4f14705d099c578ca819642acb5265a6f5baf9d6d,G7RpIz1rC,0
String,8084c7da014494a2cad1956945cc03f615f8df9cccd4f19e93a1036da7df14ec89b3e264915cd5338110142870a4f14705d099c578ca819642acb5265a6f5baf9d6d,y2eYpiNJQ,0
String,8084c7da014494a2cad1956945cc03f615f8df9cccd4f19e93a1036da7df14ec89b3e264915cd5338110142870a4f14705d099c578ca819642acb5265a6f5baf9d6d,hn7RxnYTt,0
String,8084c7da014494a2cad1956945cc03f615f8df9cccd4f19e93a1036da7df14ec89b3e264915cd5338110142870a4f14705d099c578ca819642acb5265a6f5baf9d6d,vANqI4PVI,0
String,8084c7da014494a2cad1956945cc03f615f8df9cccd4f19e93a1036da7df14ec89b3e264915cd5338110142870a4f14705d099c578ca819642acb5265a6f5baf9d6d,fJH6pRUJs,0
String,8084c7da014494a2cad1956945cc03f615f8df9cccd4f19e93a1036da7df14ec89b3e264915cd5338110142870a4f14705d099c578ca819642acb5265a6f5baf9d6d,qCP76dfch,0
String,8084c7da014494a2cad1956945cc03f615f8df9cccd4f19e93a1036da7df14ec89b3e264915cd5338110142870a4f14705d099c578ca819642acb5265a6f5baf9d6d,GCGfSYoZv,0
String,8084c7da014494a2cad1956945cc03f615f8df9cccd4f19e93a1036da7df14ec89b3e264915cd5338110142870a4f14705d099c578ca819642acb5265a6f5baf9d6d,dthonxlml,0
String,8084c7da014494a2cad1956945cc03f615f8df9cccd4f19e93a1036da7df14ec89b3e264915cd5338110142870a4f14705d099c578ca819642acb5265a6f5baf9d6d,yEdhlgr6o,0
String,8084c7da014494a2cad1956945cc03f615f8df9cccd4f19e93a1036da7df14ec89b3e264915cd5338110142870a4f14705d099c578ca819642acb5265a6f5baf9d6d,79l62n61c,0
String,8084c7da014494a2cad1956945cc03f615f8df9cccd4f19e93a1036da7df14ec89b3e264915cd5338110142870a4f14705d099c578ca819642acb5265a6f5baf9d6d,ZbXhvnzH2,0
String,8084c7da014494a2cad1956945cc03f615f8df9cccd4f19e93a1036da7df14ec89b3e264915cd5338110142870a4f14705d099c578ca819642acb5265a6f5baf9d6d,aLBMtlzRx,0
String,8084c7da014494a2cad1956945cc03f615f8df9cccd4f19e93a1036da7df14ec89b3e264915cd5338110142870a4f14705d099c578ca819642acb5265a6f5baf9d6d,FRMwCpCkJ,0
String,8084c7da014494a2cad1956945cc03f615f8df9cccd4f19e93a1036da7df14ec89b3e264915cd5338110142870a4f14705d099c578ca819642acb5265a6f5baf9d6d,DziXYUJBV,0
String,8084c7da014494a2cad1956945cc03f615f8df9cccd4f19e93a1036da7df14ec89b3e264915cd5338110142870a4f14705d099c578ca819642acb5265a6f5baf9d6d,EJCsCYR2o,0
String,8084c7da014494a2cad1956945cc03f615f8df9cccd4f19e93a1036da7df14ec89b3e264915cd5338110142870a4f14705d099c578ca819642acb5265a6f5baf9d6d,VPWAGaAjS,0
String,8084c7da014494a2cad1956945cc03f615f8df9cccd4f19e93a1036da7df14ec89b3e264915cd5338110142870a4f14705d099c578ca819642acb5265a6f5baf9d6d,cLiIyc8eC,0
String,8084c7da014494a2cad1956945cc03f615f8df9cccd4f19e93a1036da7df14ec89b3e264915cd5338110142870a4f14705d099c578ca819642acb5265a6f5baf9d6d,JpXH5H69i,0
String,8084c7da014494a2cad1956945cc03f615f8df9cccd4f19e93a1036da7df14ec89b3e264915cd5338110142870a4f14705d099c578ca819642acb5265a6f5baf9d6d,ALoqdaqFi,0
String,8084c7da014494a2cad1956945cc03f615f8df9cccd4f19e93a1036da7df14ec89b3e264915cd5338110142870a4f14705d099c578ca819642acb5265a6f5baf9d6d,m1hHDNpRn,0
String,8084c7da014494a2cad1956945cc03f615f8df9cccd4f19e93a1036da7df14ec89b3e264915cd5338110142870a4f14705d099c578ca819642acb5265a6f5baf9d6d,boflNiQ7w,0
String,8084c7da014494a2cad1956945cc03f615f8df9cccd4f19e93a1036da7df14ec89b3e264915cd5338110142870a4f14705d099c578ca819642acb5265a6f5baf9d6d,O7qGAqeWE,0
String,8084c7da014494a2cad1956945cc03f615f8df9cccd4f19e93a1036da7df14ec89b3e264915cd5338110142870a4f14705d099c578ca819642acb5265a6f5baf9d6d,KgUAXHDWB,0
String,8084c7da014494a2cad1956945cc03f615f8df9cccd4f19e93a1036da7df14ec89b3e264915cd5338110142870a4f14705d099c578ca819642acb5265a6f5baf9d6d,G0YPXIXtR,0
String,8084c7da014494a2cad1956945cc03f615f8df9cccd4f19e93a1036da7df14ec89b3e264915cd5338110142870a4f14705d099c578ca819642acb5265a6f5baf9d6d,3Rt0SIuBs,0
String,8084c7da014494a2cad1956945cc03f615f8df9cccd4f19e93a1036da7df14ec89b3e264915cd5338110142870a4f14705d099c578ca819642acb5265a6f5baf9d6d,tRIkHV9Wc,0
String,8084c7da014494a2cad1956945cc03f615f8df9cccd4f19e93a1036da7df14ec89b3e264915cd5338110142870a4f14705d099c578ca819642acb5265a6f5baf9d6d,j4P7d4wyB,0
String,8084c7da014494a2cad1956945cc03f615f8df9cccd4f19e93a1036da7df14ec89b3e264915cd5338110142870a4f14705d099c578ca819642acb5265a6f5baf9d6d,EEEA5ps52,0
String,8084c7da014494a2cad1956945cc03f615f8df9cccd4f19e93a1036da7df14ec89b3e264915cd5338110142870a4f14705d099c578ca819642acb5265a6f5baf9d6d,n2a5qL2nC,0
String,8084c7da014494a2cad1956945cc03f615f8df9cccd4f19e93a1036da7df14ec89b3e264915cd5338110142870a4f14705d099c578ca819642acb5265a6f5baf9d6d,XrX5sPoHi,0
String,8084c7da014494a2cad1956945cc03f615f8df9cccd4f19e93a1036da7df14ec89b3e264915cd5338110142870a4f14705d099c578ca819642acb5265a6f5baf9d6d,ZfpLaNrUV,0
String,8084c7da014494a2cad1956945cc03f615f8df9cccd4f19e93a1036da7df14ec89b3e264915cd5338110142870a4f14705d099c578ca819642acb5265a6f5baf9d6d,2RcPkoNkz,0
String,8084c7da014494a2cad1956945cc03f615f8df9cccd4f19e93a1036da7df14ec89b3e264915cd5338110142870a4f14705d099c578ca819642acb5265a6f5baf9d6d,0GXwoZ0Qc,0
String,8084c7da014494a2cad1956945cc03f615f8df9cccd4f19e93a1036da7df14ec89b3e264915cd5338110142870a4f14705d099c578ca819642acb5265a6f5baf9d6d,vzhQ3G8qO,0
String,8084c7da014494a2cad1956945cc03f615f8df9cccd4f19e93a1036da7df14ec89b3e264915cd5338110142870a4f14705d099c578ca819642acb5265a6f5baf9d6d,i4Z7TDRft,0
String,8084c7da014494a2cad1956945cc03f615f8df9cccd4f19e93a1036da7df14ec89b3e264915cd5338110142870a4f14705d099c578ca819642acb5265a6f5baf9d6d,9wvMIJKT6,0
String,8084c7da014494a2cad1956945cc03f615f8df9cccd4f19e93a1036da7df14ec89b3e264915cd5338110142870a4f14705d099c578ca819642acb5265a6f5baf9d6d,4BBx1hGNb,0
String,8084c7da014494a2cad1956945cc03f615f8df9cccd4f19e93a1036da7df14ec89b3e264915cd5338110142870a4f14705d099c578ca819642acb5265a6f5baf9d6d,9X75cBBwk,0
String,8084c7da014494a2cad1956945cc03f615f8df9cccd4f19e93a1036da7df14ec89b3e264915cd5338110142870a4f14705d099c578ca819642acb5265a6f5baf9d6d,dfYXpQFf4,0
String,8084c7da014494a2cad1956945cc03f615f8df9cccd4f19e93a1036da7df14ec89b3e264915cd5338110142870a4f14705d099c578ca819642acb5265a6f5baf9d6d,bcRrWCjAI,0
String,8084c7da014494a2cad1956945cc03f615f8df9cccd4f19e93a1036da7df14ec89b3e264915cd5338110142870a4f14705d099c578ca819642acb5265a6f5baf9d6d,DNRb9OEQy,0
String,8084c7da014494a2cad1956945cc03f615f8df9cccd4f19e93a1036da7df14ec89b3e264915cd5338110142870a4f14705d099c578ca819642acb5265a6f5baf9d6d,rNRbNaRTV,0
String,8084c7da014494a2cad1956945cc03f615f8df9cccd4f19e93a1036da7df14ec89b3e264915cd5338110142870a4f14705d099c578ca819642acb5265a6f5baf9d6d,LID5VxQT8,0
String,8084c7da014494a2cad1956945cc03f615f8df9cccd4f19e93a1036da7df14ec89b3e264915cd5338110142870a4f14705d099c578ca819642acb5265a6f5baf9d6d,N54pfKHuT,0
String,8084c7da014494a2cad1956945cc03f615f8df9cccd4f19e93a1036da7df14ec89b3e264915cd5338110142870a4f14705d099c578ca819642acb5265a6f5baf9d6d,43Vy49hHb,0
String,8084c7da014494a2cad1956945cc03f615f8df9cccd4f19e93a1036da7df14ec89b3e264915cd5338110142870a4f14705d099c578ca819642acb5265a6f5baf9d6d,ZgCwmaGB7,0
String,8084c7da014494a2cad1956945cc03f615f8df9cccd4f19e93a1036da7df14ec89b3e264915cd5338110142870a4f14705d099c578ca819642acb5265a6f5baf9d6d,OXM73umrV,0
String,8084c7da014494a2cad1956945cc03f615f8df9cccd4f19e93a1036da7df14ec89b3e264915cd5338110142870a4f14705d099c578ca819642acb5265a6f5baf9d6d,CyfQn5Gxn,0
String,8084c7da014494a2cad1956945cc03f615f8df9cccd4f19e93a1036da7df14ec89b3e264915cd5338110142870a4f14705d099c578ca819642acb5265a6f5baf9d6d,z2ys2W9EL,0
String,8084c7da014494a2cad1956945cc03f615f8df9cccd4f19e93a1036da7df14ec89b3e264915cd5338110142870a4f14705d099c578ca819642acb5265a6f5baf9d6d,XPVPHgkbV,0
String,8084c7da014494a2cad1956945cc03f615f8df9cccd4f19e93a1036da7df14ec89b3e264915cd5338110142870a4f14705d099c578ca819642acb5265a6f5baf9d6d,vZyiokKmP,0
String,8084c7da014494a2cad1956945cc03f615f8df9cccd4f19e93a1036da7df14ec89b3e264915cd5338110142870a4f14705d099c578ca819642acb5265a6f5baf9d6d,jleUCwiaI,0
String,8084c7da014494a2cad1956945cc03f615f8df9cccd4f19e93a1036da7df14ec89b3e264915cd5338110142870a4f14705d099c578ca819642acb5265a6f5baf9d6d,UWdnG7qun,0
String,8084c7da014494a2cad1956945cc03f615f8df9cccd4f19e93a1036da7df14ec89b3e264915cd5338110142870a4f14705d099c578ca819642acb5265a6f5baf9d6d,WhE5SS1vv,0
String,8084c7da014494a2cad1956945cc03f615f8df9cccd4f19e93a1036da7df14ec89b3e264915cd5338110142870a4f14705d099c578ca819642acb5265a6f5baf9d6d,2cskZWtHA,0
String,8084c7da014494a2cad1956945cc03f615f8df9cccd4f19e93a1036da7df14ec89b3e264915cd5338110142870a4f14705d099c578ca819642acb5265a6f5baf9d6d,Yd02c8mGf,0
String,8084c7da014494a2cad1956945cc03f615f8df9cccd4f19e93a1036da7df14ec89b3e264915cd5338110142870a4f14705d099c578ca819642acb5265a6f5baf9d6d,i9mTlPNWb,0
String,8084c7da014494a2cad1956945cc03f615f8df9cccd4f19e93a1036da7df14ec89b3e264915cd5338110142870a4f14705d099c578ca819642acb5265a6f5baf9d6d,vNpKBQm9a,0
String,8084c7da014494a2cad1956945cc03f615f8df9cccd4f19e93a1036da7df14ec89b3e264915cd5338110142870a4f14705d099c578ca819642acb5265a6f5baf9d6d,tVbtGmv7L,0
String,8084c7da014494a2cad1956945cc03f615f8df9cccd4f19e93a1036da7df14ec89b3e264915cd5338110142870a4f14705d099c578ca819642acb5265a6f5baf9d6d,OoD6QtBNl,0
String,8084c7da014494a2cad1956945cc03f615f8df9cccd4f19e93a1036da7df14ec89b3e264915cd5338110142870a4f14705d099c578ca819642acb5265a6f5baf9d6d,Ks1GuHbes,0
String,8084c7da014494a2cad1956945cc03f615f8df9cccd4f19e93a1036da7df14ec89b3e264915cd5338110142870a4f14705d099c578ca819642acb5265a6f5baf9d6d,ePPJVSzQw,0
String,8084c7da014494a2cad1956945cc03f615f8df9cccd4f19e93a1036da7df14ec89b3e264915cd5338110142870a4f14705d099c578ca819642acb5265a6f5baf9d6d,fi7deTg1p,0
String,8084c7da014494a2cad1956945cc03f615f8df9cccd4f19e93a1036da7df14ec89b3e264915cd5338110142870a4f14705d099c578ca819642acb5265a6f5baf9d6d,EZ0aDLsTL,0
String,8084c7da014494a2cad1956945cc03f615f8df9cccd4f19e93a1036da7df14ec89b3e264915cd5338110142870a4f14705d099c578ca819642acb5265a6f5baf9d6d,swxMcMhod,0
String,8084c7da014494a2cad1956945cc03f615f8df9cccd4f19e93a1036da7df14ec89b3e264915cd5338110142870a4f14705d099c578ca819642acb5265a6f5baf9d6d,js9By3bnk,0
String,8084c7da014494a2cad1956945cc03f615f8df9cccd4f19e93a1036da7df14ec89b3e264915cd5338110142870a4f14705d099c578ca819642acb5265a6f5baf9d6d,bkVesCBY4,0
String,8084c7da014494a2cad1956945cc03f615f8df9cccd4f19e93a1036da7df14ec89b3e264915cd5338110142870a4f14705d099c578ca819642acb5265a6f5baf9d6d,hEAQAZAh4,0
String,8084c7da014494a2cad1956945cc03f615f8df9cccd4f19e93a1036da7df14ec89b3e264915cd5338110142870a4f14705d099c578ca819642acb5265a6f5baf9d6d,kxhoSPAO8,0
String,8084c7da014494a2cad1956945cc03f615f8df9cccd4f19e93a1036da7df14ec89b3e264915cd5338110142870a4f14705d099c578ca819642acb5265a6f5baf9d6d,Tl4rLWAEs,0
String,8084c7da014494a2cad1956945cc03f615f8df9cccd4f19e93a1036da7df14ec89b3e264915cd5338110142870a4f14705d099c578ca819642acb5265a6f5baf9d6d,j7n3zY3fz,0
String,8084c7da014494a2cad1956945cc03f615f8df9cccd4f19e93a1036da7df14ec89b3e264915cd5338110142870a4f14705d099c578ca819642acb5265a6f5baf9d6d,1Fp8EJq9V,0
String,8084c7da014494a2cad1956945cc03f615f8df9cccd4f19e93a1036da7df14ec89b3e264915cd5338110142870a4f14705d099c578ca819642acb5265a6f5baf9d6d,klDcByc9E,0
String,8084c7da014494a2cad1956945cc03f615f8df9cccd4f19e93a1036da7df14ec89b3e264915cd5338110142870a4f14705d099c578ca819642acb5265a6f5baf9d6d,punzKe3Ko,0
String,8084c7da014494a2cad1956945cc03f615f8df9cccd4f19e93a1036da7df14ec89b3e264915cd5338110142870a4f14705d099c578ca819642acb5265a6f5baf9d6d,jc2POiLG6,0
String,8084c7da014494a2cad1956945cc03f615f8df9cccd4f19e93a1036da7df14ec89b3e264915cd5338110142870a4f14705d099c578ca819642acb5265a6f5baf9d6d,Nx4gTBFbX,0
String,8084c7da014494a2cad1956945cc03f615f8df9cccd4f19e93a1036da7df14ec89b3e264915cd5338110142870a4f14705d099c578ca819642acb5265a6f5baf9d6d,hpgwvs5tF,0
String,8084c7da014494a2cad1956945cc03f615f8df9cccd4f19e93a1036da7df14ec89b3e264915cd5338110142870a4f14705d099c578ca819642acb5265a6f5baf9d6d,t2ZXNikrz,0
String,8084c7da014494a2cad1956945cc03f615f8df9cccd4f19e93a1036da7df14ec89b3e264915cd5338110142870a4f14705d099c578ca819642acb5265a6f5baf9d6d,z66Lk9s4a,0
String,8084c7da014494a2cad1956945cc03f615f8df9cccd4f19e93a1036da7df14ec89b3e264915cd5338110142870a4f14705d099c578ca819642acb5265a6f5baf9d6d,TeXgXC3ID,0
String,8084c7da014494a2cad1956945cc03f615f8df9cccd4f19e93a1036da7df14ec89b3e264915cd5338110142870a4f14705d099c578ca819642acb5265a6f5baf9d6d,OLJ0y0CJu,0
String,8084c7da014494a2cad1956945cc03f615f8df9cccd4f19e93a1036da7df14ec89b3e264915cd5338110142870a4f14705d099c578ca819642acb5265a6f5baf9d6d,bwWSgHNh0,0
String,8084c7da014494a2cad1956945cc03f615f8df9cccd4f19e93a1036da7df14ec89b3e264915cd5338110142870a4f14705d099c578ca819642acb5265a6f5baf9d6d,B9dajkJFc,0
String,8084c7da014494a2cad1956945cc03f615f8df9cccd4f19e93a1036da7df14ec89b3e264915cd5338110142870a4f14705d099c578ca819642acb5265a6f5baf9d6d,sWHVJMNO3,0
String,8084c7da014494a2cad1956945cc03f615f8df9cccd4f19e93a1036da7df14ec89b3e264915cd5338110142870a4f14705d099c578ca819642acb5265a6f5baf9d6d,gJQ26tNYp,0
String,8084c7da014494a2cad1956945cc03f615f8df9cccd4f19e93a1036da7df14ec89b3e264915cd5338110142870a4f14705d099c578ca819642acb5265a6f5baf9d6d,vZQFcb1eI,0
String,8084c7da014494a2cad1956945cc03f615f8df9cccd4f19e93a1036da7df14ec89b3e264915cd5338110142870a4f14705d099c578ca819642acb5265a6f5baf9d6d,pVbtNxMty,0
String,8084c7da014494a2cad1956945cc03f615f8df9cccd4f19e93a1036da7df14ec89b3e264915cd5338110142870a4f14705d099c578ca819642acb5265a6f5baf9d6d,4LMDx3odC,0
String,8084c7da014494a2cad1956945cc03f615f8df9cccd4f19e93a1036da7df14ec89b3e264915cd5338110142870a4f14705d099c578ca819642acb5265a6f5baf9d6d,aWiXIyQqR,0
String,8084c7da014494a2cad1956945cc03f615f8df9cccd4f19e93a1036da7df14ec89b3e264915cd5338110142870a4f14705d099c578ca819642acb5265a6f5baf9d6d,0BUVsx7c3,0
String,8084c7da014494a2cad1956945cc03f615f8df9cccd4f19e93a1036da7df14ec89b3e264915cd5338110142870a4f14705d099c578ca819642acb5265a6f5baf9d6d,Vz5Ljjw9O,0
String,8084c7da014494a2cad1956945cc03f615f8df9cccd4f19e93a1036da7df14ec89b3e264915cd5338110142870a4f14705d099c578ca819642acb5265a6f5baf9d6d,7gamstSpy,0
String,8084c7da014494a2cad1956945cc03f615f8df9cccd4f19e93a1036da7df14ec89b3e264915cd5338110142870a4f14705d099c578ca819642acb5265a6f5baf9d6d,Q7txTEMFX,0
String,8084c7da014494a2cad1956945cc03f615f8df9cccd4f19e93a1036da7df14ec89b3e264915cd5338110142870a4f14705d099c578ca819642acb5265a6f5baf9d6d,qS2VNKGH3,0
String,8084c7da014494a2cad1956945cc03f615f8df9cccd4f19e93a1036da7df14ec89b3e264915cd5338110142870a4f14705d099c578ca819642acb5265a6f5baf9d6d,Isnucqcuu,0
String,8084c7da014494a2cad1956945cc03f615f8df9cccd4f19e93a1036da7df14ec89b3e264915cd5338110142870a4f14705d099c578ca819642acb5265a6f5baf9d6d,l8L2JFQBU,0
String,8084c7da014494a2cad1956945cc03f615f8df9cccd4f19e93a1036da7df14ec89b3e264915cd5338110142870a4f14705d099c578ca819642acb5265a6f5baf9d6d,JqGCGDvdf,0
String,8084c7da014494a2cad1956945cc03f615f8df9cccd4f19e93a1036da7df14ec89b3e264915cd5338110142870a4f14705d099c578ca819642acb5265a6f5baf9d6d,rgmSaAlK9,0
String,8084c7da014494a2cad1956945cc03f615f8df9cccd4f19e93a1036da7df14ec89b3e264915cd5338110142870a4f14705d099c578ca819642acb5265a6f5baf9d6d,cNYIcCPxh,0
String,8084c7da014494a2cad1956945cc03f615f8df9cccd4f19e93a1036da7df14ec89b3e264915cd5338110142870a4f14705d099c578ca819642acb5265a6f5baf9d6d,7HICq8i8S,0
String,8084c7da014494a2cad1956945cc03f615f8df9cccd4f19e93a1036da7df14ec89b3e264915cd5338110142870a4f14705d099c578ca819642acb5265a6f5baf9d6d,yxDMlaR6u,0
String,8084c7da014494a2cad1956945cc03f615f8df9cccd4f19e93a1036da7df14ec89b3e264915cd5338110142870a4f14705d099c578ca819642acb5265a6f5baf9d6d,sVwftS5Mx,0
String,8084c7da014494a2cad1956945cc03f615f8df9cccd4f19e93a1036da7df14ec89b3e264915cd5338110142870a4f14705d099c578ca819642acb5265a6f5baf9d6d,4cNLmfSLq,0
String,8084c7da014494a2cad1956945cc03f615f8df9cccd4f19e93a1036da7df14ec89b3e264915cd5338110142870a4f14705d099c578ca819642acb5265a6f5baf9d6d,UhTuzzAiG,0
String,8084c7da014494a2cad1956945cc03f615f8df9cccd4f19e93a1036da7df14ec89b3e264915cd5338110142870a4f14705d099c578ca819642acb5265a6f5baf9d6d,agI18UAuu,0
String,8084c7da014494a2cad1956945cc03f615f8df9cccd4f19e93a1036da7df14ec89b3e264915cd5338110142870a4f14705d099c578ca819642acb5265a6f5baf9d6d,mhLvqLKJA,0
String,8084c7da014494a2cad1956945cc03f615f8df9cccd4f19e93a1036da7df14ec89b3e264915cd5338110142870a4f14705d099c578ca819642acb5265a6f5baf9d6d,x5qN42TlR,0
String,8084c7da014494a2cad1956945cc03f615f8df9cccd4f19e93a1036da7df14ec89b3e264915cd5338110142870a4f14705d099c578ca819642acb5265a6f5baf9d6d,2rWU5BTGl,0
String,8084c7da014494a2cad1956945cc03f615f8df9cccd4f19e93a1036da7df14ec89b3e264915cd5338110142870a4f14705d099c578ca819642acb5265a6f5baf9d6d,ccmqwW94v,0
String,8084c7da014494a2cad1956945cc03f615f8df9cccd4f19e93a1036da7df14ec89b3e264915cd5338110142870a4f14705d099c578ca819642acb5265a6f5baf9d6d,WtQSV1ORY,0
String,8084c7da014494a2cad1956945cc03f615f8df9cccd4f19e93a1036da7df14ec89b3e264915cd5338110142870a4f14705d099c578ca819642acb5265a6f5baf9d6d,VVhllQXl7,0
String,8084c7da014494a2cad1956945cc03f615f8df9cccd4f19e93a1036da7df14ec89b3e264915cd5338110142870a4f14705d099c578ca819642acb5265a6f5baf9d6d,ExgYZgiEB,0
String,8084c7da014494a2cad1956945cc03f615f8df9cccd4f19e93a1036da7df14ec89b3e264915cd5338110142870a4f14705d099c578ca819642acb5265a6f5baf9d6d,EKg92IMZh,0
String,8084c7da014494a2cad1956945cc03f615f8df9cccd4f19e93a1036da7df14ec89b3e264915cd5338110142870a4f14705d099c578ca819642acb5265a6f5baf9d6d,k7bs7CGYA,0
String,8084c7da014494a2cad1956945cc03f615f8df9cccd4f19e93a1036da7df14ec89b3e264915cd5338110142870a4f14705d099c578ca819642acb5265a6f5baf9d6d,FzIawfO9C,0
String,8084c7da014494a2cad1956945cc03f615f8df9cccd4f19e93a1036da7df14ec89b3e264915cd5338110142870a4f14705d099c578ca819642acb5265a6f5baf9d6d,XUY4ZrMh1,0
String,8084c7da014494a2cad1956945cc03f615f8df9cccd4f19e93a1036da7df14ec89b3e264915cd5338110142870a4f14705d099c578ca819642acb5265a6f5baf9d6d,BQIwo30vf,0
String,8084c7da014494a2cad1956945cc03f615f8df9cccd4f19e93a1036da7df14ec89b3e264915cd5338110142870a4f14705d099c578ca819642acb5265a6f5baf9d6d,ggPA9kUuH,0
String,8084c7da014494a2cad1956945cc03f615f8df9cccd4f19e93a1036da7df14ec89b3e264915cd5338110142870a4f14705d099c578ca819642acb5265a6f5baf9d6d,xlxa0aFlA,0
String,8084c7da014494a2cad1956945cc03f615f8df9cccd4f19e93a1036da7df14ec89b3e264915cd5338110142870a4f14705d099c578ca819642acb5265a6f5baf9d6d,toFukQPnl,0
String,8084c7da014494a2cad1956945cc03f615f8df9cccd4f19e93a1036da7df14ec89b3e264915cd5338110142870a4f14705d099c578ca819642acb5265a6f5baf9d6d,PTbnEDnc5,0
String,8084c7da014494a2cad1956945cc03f615f8df9cccd4f19e93a1036da7df14ec89b3e264915cd5338110142870a4f14705d099c578ca819642acb5265a6f5baf9d6d,OlyXGAadA,0
String,8084c7da014494a2cad1956945cc03f615f8df9cccd4f19e93a1036da7df14ec89b3e264915cd5338110142870a4f14705d099c578ca819642acb5265a6f5baf9d6d,tdz5r5Jt8,0
String,8084c7da014494a2cad1956945cc03f615f8df9cccd4f19e93a1036da7df14ec89b3e264915cd5338110142870a4f14705d099c578ca819642acb5265a6f5baf9d6d,ygIqvqD05,0
String,8084c7da014494a2cad1956945cc03f615f8df9cccd4f19e93a1036da7df14ec89b3e264915cd5338110142870a4f14705d099c578ca819642acb5265a6f5baf9d6d,2mcInITLj,0
String,8084c7da014494a2cad1956945cc03f615f8df9cccd4f19e93a1036da7df14ec89b3e264915cd5338110142870a4f14705d099c578ca819642acb5265a6f5baf9d6d,DNOEo0PfH,0
String,8084c7da014494a2cad1956945cc03f615f8df9cccd4f19e93a1036da7df14ec89b3e264915cd5338110142870a4f14705d099c578ca819642acb5265a6f5baf9d6d,CgX8wBiMZ,0
String,8084c7da014494a2cad1956945cc03f615f8df9cccd4f19e93a1036da7df14ec89b3e264915cd5338110142870a4f14705d099c578ca819642acb5265a6f5baf9d6d,wuk8rkh26,0
String,8084c7da014494a2cad1956945cc03f615f8df9cccd4f19e93a1036da7df14ec89b3e264915cd5338110142870a4f14705d099c578ca819642acb5265a6f5baf9d6d,HFGOIQwbL,0
String,8084c7da014494a2cad1956945cc03f615f8df9cccd4f19e93a1036da7df14ec89b3e264915cd5338110142870a4f14705d099c578ca819642acb5265a6f5baf9d6d,e1av52TzP,0
String,8084c7da014494a2cad1956945cc03f615f8df9cccd4f19e93a1036da7df14ec89b3e264915cd5338110142870a4f14705d099c578ca819642acb5265a6f5baf9d6d,dQNosYevq,0
String,8084c7da014494a2cad1956945cc03f615f8df9cccd4f19e93a1036da7df14ec89b3e264915cd5338110142870a4f14705d099c578ca819642acb5265a6f5baf9d6d,acsDzxcBA,0
String,8084c7da014494a2cad1956945cc03f615f8df9cccd4f19e93a1036da7df14ec89b3e264915cd5338110142870a4f14705d099c578ca819642acb5265a6f5baf9d6d,wtcIztX3Y,0
String,8084c7da014494a2cad1956945cc03f615f8df9cccd4f19e93a1036da7df14ec89b3e264915cd5338110142870a4f14705d099c578ca819642acb5265a6f5baf9d6d,iwXRZ2Pel,0
String,8084c7da014494a2cad1956945cc03f615f8df9cccd4f19e93a1036da7df14ec89b3e264915cd5338110142870a4f14705d099c578ca819642acb5265a6f5baf9d6d,A0yTIEXe9,0
String,8084c7da014494a2cad1956945cc03f615f8df9cccd4f19e93a1036da7df14ec89b3e264915cd5338110142870a4f14705d099c578ca819642acb5265a6f5baf9d6d,PzB2HHAeP,0
String,8084c7da014494a2cad1956945cc03f615f8df9cccd4f19e93a1036da7df14ec89b3e264915cd5338110142870a4f14705d099c578ca819642acb5265a6f5baf9d6d,SJs4WTrAc,0
String,8084c7da014494a2cad1956945cc03f615f8df9cccd4f19e93a1036da7df14ec89b3e264915cd5338110142870a4f14705d099c578ca819642acb5265a6f5baf9d6d,43lCSK1MK,0
String,8084c7da014494a2cad1956945cc03f615f8df9cccd4f19e93a1036da7df14ec89b3e264915cd5338110142870a4f14705d099c578ca819642acb5265a6f5baf9d6d,D7cWhRUnq,0
String,8084c7da014494a2cad1956945cc03f615f8df9cccd4f19e93a1036da7df14ec89b3e264915cd5338110142870a4f14705d099c578ca819642acb5265a6f5baf9d6d,EeIWIm6xc,0
String,8084c7da014494a2cad1956945cc03f615f8df9cccd4f19e93a1036da7df14ec89b3e264915cd5338110142870a4f14705d099c578ca819642acb5265a6f5baf9d6d,jYE8iThTK,0
String,8084c7da014494a2cad1956945cc03f615f8df9cccd4f19e93a1036da7df14ec89b3e264915cd5338110142870a4f14705d099c578ca819642acb5265a6f5baf9d6d,1G0RoNDct,0
String,8084c7da014494a2cad1956945cc03f615f8df9cccd4f19e93a1036da7df14ec89b3e264915cd5338110142870a4f14705d099c578ca819642acb5265a6f5baf9d6d,BZd6YQXpO,0
String,8084c7da014494a2cad1956945cc03f615f8df9cccd4f19e93a1036da7df14ec89b3e264915cd5338110142870a4f14705d099c578ca819642acb5265a6f5baf9d6d,gdC16gdDW,0
String,8084c7da014494a2cad1956945cc03f615f8df9cccd4f19e93a1036da7df14ec89b3e264915cd5338110142870a4f14705d099c578ca819642acb5265a6f5baf9d6d,OnkwzzcPm,0
String,8084c7da014494a2cad1956945cc03f615f8df9cccd4f19e93a1036da7df14ec89b3e264915cd5338110142870a4f14705d099c578ca819642acb5265a6f5baf9d6d,Oxvpsfkkw,0
String,8084c7da014494a2cad1956945cc03f615f8df9cccd4f19e93a1036da7df14ec89b3e264915cd5338110142870a4f14705d099c578ca819642acb5265a6f5baf9d6d,eEJ9nc06F,0
String,8084c7da014494a2cad1956945cc03f615f8df9cccd4f19e93a1036da7df14ec89b3e264915cd5338110142870a4f14705d099c578ca819642acb5265a6f5baf9d6d,0FOpXjT4G,0
String,8084c7da014494a2cad1956945cc03f615f8df9cccd4f19e93a1036da7df14ec89b3e264915cd5338110142870a4f14705d099c578ca819642acb5265a6f5baf9d6d,B20W67QMb,0
String,8084c7da014494a2cad1956945cc03f615f8df9cccd4f19e93a1036da7df14ec89b3e264915cd5338110142870a4f14705d099c578ca819642acb5265a6f5baf9d6d,CDxyUFgT4,0
String,8084c7da014494a2cad1956945cc03f615f8df9cccd4f19e93a1036da7df14ec89b3e264915cd5338110142870a4f14705d099c578ca819642acb5265a6f5baf9d6d,W9x6uhICO,0
String,8084c7da014494a2cad1956945cc03f615f8df9cccd4f19e93a1036da7df14ec89b3e264915cd5338110142870a4f14705d099c578ca819642acb5265a6f5baf9d6d,kCLXvDTpT,0
String,8084c7da014494a2cad1956945cc03f615f8df9cccd4f19e93a1036da7df14ec89b3e264915cd5338110142870a4f14705d099c578ca819642acb5265a6f5baf9d6d,Viqk2KlXy,0
String,8084c7da014494a2cad1956945cc03f615f8df9cccd4f19e93a1036da7df14ec89b3e264915cd5338110142870a4f14705d099c578ca819642acb5265a6f5baf9d6d,0BnQ4XZDU,0
String,8084c7da014494a2cad1956945cc03f615f8df9cccd4f19e93a1036da7df14ec89b3e264915cd5338110142870a4f14705d099c578ca819642acb5265a6f5baf9d6d,Bga6Q4pwu,0
String,8084c7da014494a2cad1956945cc03f615f8df9cccd4f19e93a1036da7df14ec89b3e264915cd5338110142870a4f14705d099c578ca819642acb5265a6f5baf9d6d,lzrVMh9Zb,0
String,8084c7da014494a2cad1956945cc03f615f8df9cccd4f19e93a1036da7df14ec89b3e264915cd5338110142870a4f14705d099c578ca819642acb5265a6f5baf9d6d,LZTukYHdD,0
String,8084c7da014494a2cad1956945cc03f615f8df9cccd4f19e93a1036da7df14ec89b3e264915cd5338110142870a4f14705d099c578ca819642acb5265a6f5baf9d6d,EdPmPxeeM,0
String,8084c7da014494a2cad1956945cc03f615f8df9cccd4f19e93a1036da7df14ec89b3e264915cd5338110142870a4f14705d099c578ca819642acb5265a6f5baf9d6d,2hE1MS4By,0
String,8084c7da014494a2cad1956945cc03f615f8df9cccd4f19e93a1036da7df14ec89b3e264915cd5338110142870a4f14705d099c578ca819642acb5265a6f5baf9d6d,R7LqZjuco,0
String,8084c7da014494a2cad1956945cc03f615f8df9cccd4f19e93a1036da7df14ec89b3e264915cd5338110142870a4f14705d099c578ca819642acb5265a6f5baf9d6d,pLhhTrkw3,0
String,8084c7da014494a2cad1956945cc03f615f8df9cccd4f19e93a1036da7df14ec89b3e264915cd5338110142870a4f14705d099c578ca819642acb5265a6f5baf9d6d,OhY5XgTan,0
String,8084c7da014494a2cad1956945cc03f615f8df9cccd4f19e93a1036da7df14ec89b3e264915cd5338110142870a4f14705d099c578ca819642acb5265a6f5baf9d6d,81D74xdbk,0
String,8084c7da014494a2cad1956945cc03f615f8df9cccd4f19e93a1036da7df14ec89b3e264915cd5338110142870a4f14705d099c578ca819642acb5265a6f5baf9d6d,1ZVdjH09X,0
String,8084c7da014494a2cad1956945cc03f615f8df9cccd4f19e93a1036da7df14ec89b3e264915cd5338110142870a4f14705d099c578ca819642acb5265a6f5baf9d6d,NbbNz1nbs,0
String,8084c7da014494a2cad1956945cc03f615f8df9cccd4f19e93a1036da7df14ec89b3e264915cd5338110142870a4f14705d099c578ca819642acb5265a6f5baf9d6d,9HHlIbdQw,0
String,8084c7da014494a2cad1956945cc03f615f8df9cccd4f19e93a1036da7df14ec89b3e264915cd5338110142870a4f14705d099c578ca819642acb5265a6f5baf9d6d,x1DsFQug4,0
String,8084c7da014494a2cad1956945cc03f615f8df9cccd4f19e93a1036da7df14ec89b3e264915cd5338110142870a4f14705d099c578ca819642acb5265a6f5baf9d6d,owLf4pp7y,0
String,8084c7da014494a2cad1956945cc03f615f8df9cccd4f19e93a1036da7df14ec89b3e264915cd5338110142870a4f14705d099c578ca819642acb5265a6f5baf9d6d,b2rAElNeP,0
String,8084c7da014494a2cad1956945cc03f615f8df9cccd4f19e93a1036da7df14ec89b3e264915cd5338110142870a4f14705d099c578ca819642acb5265a6f5baf9d6d,Xefyv7sEs,0
String,8084c7da014494a2cad1956945cc03f615f8df9cccd4f19e93a1036da7df14ec89b3e264915cd5338110142870a4f14705d099c578ca819642acb5265a6f5baf9d6d,TWvFWpFln,0
String,8084c7da014494a2cad1956945cc03f615f8df9cccd4f19e93a1036da7df14ec89b3e264915cd5338110142870a4f14705d099c578ca819642acb5265a6f5baf9d6d,P8JJu06OD,0
String,8084c7da014494a2cad1956945cc03f615f8df9cccd4f19e93a1036da7df14ec89b3e264915cd5338110142870a4f14705d099c578ca819642acb5265a6f5baf9d6d,FeT44BcNc,0
String,8084c7da014494a2cad1956945cc03f615f8df9cccd4f19e93a1036da7df14ec89b3e264915cd5338110142870a4f14705d099c578ca819642acb5265a6f5baf9d6d,djH6ifqxJ,0
String,8084c7da014494a2cad1956945cc03f615f8df9cccd4f19e93a1036da7df14ec89b3e264915cd5338110142870a4f14705d099c578ca819642acb5265a6f5baf9d6d,6tORqZZqW,0
String,8084c7da014494a2cad1956945cc03f615f8df9cccd4f19e93a1036da7df14ec89b3e264915cd5338110142870a4f14705d099c578ca819642acb5265a6f5baf9d6d,NeZpDkNeb,0
String,8084c7da014494a2cad1956945cc03f615f8df9cccd4f19e93a1036da7df14ec89b3e264915cd5338110142870a4f14705d099c578ca819642acb5265a6f5baf9d6d,O1I070iN4,0
String,8084c7da014494a2cad1956945cc03f615f8df9cccd4f19e93a1036da7df14ec89b3e264915cd5338110142870a4f14705d099c578ca819642acb5265a6f5baf9d6d,83so6rMk9,0
String,8084c7da014494a2cad1956945cc03f615f8df9cccd4f19e93a1036da7df14ec89b3e264915cd5338110142870a4f14705d099c578ca819642acb5265a6f5baf9d6d,YWIADvhSw,0
String,8084c7da014494a2cad1956945cc03f615f8df9cccd4f19e93a1036da7df14ec89b3e264915cd5338110142870a4f14705d099c578ca819642acb5265a6f5baf9d6d,9h2pO6AdY,0
String,8084c7da014494a2cad1956945cc03f615f8df9cccd4f19e93a1036da7df14ec89b3e264915cd5338110142870a4f14705d099c578ca819642acb5265a6f5baf9d6d,ivtUOTjjS,0
String,8084c7da014494a2cad1956945cc03f615f8df9cccd4f19e93a1036da7df14ec89b3e264915cd5338110142870a4f14705d099c578ca819642acb5265a6f5baf9d6d,TgCMwAR87,0
String,8084c7da014494a2cad1956945cc03f615f8df9cccd4f19e93a1036da7df14ec89b3e264915cd5338110142870a4f14705d099c578ca819642acb5265a6f5baf9d6d,KxypzFAqr,0
String,8084c7da014494a2cad1956945cc03f615f8df9cccd4f19e93a1036da7df14ec89b3e264915cd5338110142870a4f14705d099c578ca819642acb5265a6f5baf9d6d,SQrfEZXDX,0
String,8084c7da014494a2cad1956945cc03f615f8df9cccd4f19e93a1036da7df14ec89b3e264915cd5338110142870a4f14705d099c578ca819642acb5265a6f5baf9d6d,iG63dHGeW,0
String,8084c7da014494a2cad1956945cc03f615f8df9cccd4f19e93a1036da7df14ec89b3e264915cd5338110142870a4f14705d099c578ca819642acb5265a6f5baf9d6d,pRwlYvAIv,0
String,8084c7da014494a2cad1956945cc03f615f8df9cccd4f19e93a1036da7df14ec89b3e264915cd5338110142870a4f14705d099c578ca819642acb5265a6f5baf9d6d,fl3YYYqB3,0
String,8084c7da014494a2cad1956945cc03f615f8df9cccd4f19e93a1036da7df14ec89b3e264915cd5338110142870a4f14705d099c578ca819642acb5265a6f5baf9d6d,wakuKgKUi,0
String,8084c7da014494a2cad1956945cc03f615f8df9cccd4f19e93a1036da7df14ec89b3e264915cd5338110142870a4f14705d099c578ca819642acb5265a6f5baf9d6d,JoUeZWlYx,0
String,8084c7da014494a2cad1956945cc03f615f8df9cccd4f19e93a1036da7df14ec89b3e264915cd5338110142870a4f14705d099c578ca819642acb5265a6f5baf9d6d,CrsbqyqQJ,0
String,8084c7da014494a2cad1956945cc03f615f8df9cccd4f19e93a1036da7df14ec89b3e264915cd5338110142870a4f14705d099c578ca819642acb5265a6f5baf9d6d,yLH9JcAeF,0
String,8084c7da014494a2cad1956945cc03f615f8df9cccd4f19e93a1036da7df14ec89b3e264915cd5338110142870a4f14705d099c578ca819642acb5265a6f5baf9d6d,bP8H1QJGH,0
String,8084c7da014494a2cad1956945cc03f615f8df9cccd4f19e93a1036da7df14ec89b3e264915cd5338110142870a4f14705d099c578ca819642acb5265a6f5baf9d6d,ZFN2SvudZ,0
String,8084c7da014494a2cad1956945cc03f615f8df9cccd4f19e93a1036da7df14ec89b3e264915cd5338110142870a4f14705d099c578ca819642acb5265a6f5baf9d6d,R240cylZ0,0
String,8084c7da014494a2cad1956945cc03f615f8df9cccd4f19e93a1036da7df14ec89b3e264915cd5338110142870a4f14705d099c578ca819642acb5265a6f5baf9d6d,lUrhThxrV,0
String,8084c7da014494a2cad1956945cc03f615f8df9cccd4f19e93a1036da7df14ec89b3e264915cd5338110142870a4f14705d099c578ca819642acb5265a6f5baf9d6d,Huq2RLS7d,0
